{
  "Qwen2.5-7B": {
    "pca_uni_4bit": 6.603055867366889,
    "pca_wf2_4bit": 6.601443989950906
  },
  "Llama-3.1-8B": {
    "pca_uni_4bit": 6.4545595229604915,
    "pca_wf2_4bit": 6.460602994563315
  },
  "Mistral-7B-v0.3": {
    "pca_uni_4bit": 5.590503395291774,
    "pca_wf2_4bit": 5.59414423097902
  }
}