{
  "model": "meta-llama/Llama-3.1-8B",
  "fp16_ppl": 6.398338910594539,
  "methods": {
    "no_rot_uni_2bit": {
      "ppl": 16.59872975870981,
      "nll": 138084.0,
      "tokens": 49152,
      "elapsed": 52.30117869377136
    },
    "turbo_uni_2bit": {
      "ppl": 11.263756360683361,
      "nll": 119026.0,
      "tokens": 49152,
      "elapsed": 119.38468360900879
    },
    "pre_pca_uni_2bit": {
      "ppl": 10.137520986084242,
      "nll": 113848.0,
      "tokens": 49152,
      "elapsed": 110.70302295684814
    },
    "pre_pca_lloyd_2bit": {
      "ppl": 65.46252651085982,
      "nll": 205528.0,
      "tokens": 49152,
      "elapsed": 151.78335452079773
    },
    "pre_pca_wf_uni_2bit": {
      "ppl": 8.793307188994909,
      "nll": 106856.0,
      "tokens": 49152,
      "elapsed": 111.57214951515198
    },
    "no_rot_uni_3bit": {
      "ppl": 6.734659505473596,
      "nll": 93746.0,
      "tokens": 49152,
      "elapsed": 53.34610295295715
    },
    "turbo_uni_3bit": {
      "ppl": 6.704037527472777,
      "nll": 93522.0,
      "tokens": 49152,
      "elapsed": 115.95194482803345
    },
    "pre_pca_uni_3bit": {
      "ppl": 6.665955781026477,
      "nll": 93242.0,
      "tokens": 49152,
      "elapsed": 118.78380489349365
    },
    "pre_pca_lloyd_3bit": {
      "ppl": 41.624060830551166,
      "nll": 183272.0,
      "tokens": 49152,
      "elapsed": 157.7309114933014
    },
    "pre_pca_wf_uni_3bit": {
      "ppl": 6.825700594279031,
      "nll": 94406.0,
      "tokens": 49152,
      "elapsed": 111.75655603408813
    },
    "no_rot_uni_4bit": {
      "ppl": 6.457449173295932,
      "nll": 91680.0,
      "tokens": 49152,
      "elapsed": 52.94567394256592
    },
    "turbo_uni_4bit": {
      "ppl": 6.454034270934661,
      "nll": 91654.0,
      "tokens": 49152,
      "elapsed": 112.0135018825531
    },
    "pre_pca_uni_4bit": {
      "ppl": 6.4545595229604915,
      "nll": 91658.0,
      "tokens": 49152,
      "elapsed": 112.09692883491516
    },
    "pre_pca_lloyd_4bit": {
      "ppl": 26.583040506321712,
      "nll": 161232.0,
      "tokens": 49152,
      "elapsed": 180.21976923942566
    },
    "pre_pca_wf_uni_4bit": {
      "ppl": 6.490113038616741,
      "nll": 91928.0,
      "tokens": 49152,
      "elapsed": 106.86290216445923
    }
  }
}