{
  "model": "mistralai/Mistral-7B-v0.3",
  "fp16_ppl": 5.571654554365215,
  "methods": {
    "no_rot_uni_2bit": {
      "ppl": 7.202925800696487,
      "nll": 97050.0,
      "tokens": 49152,
      "elapsed": 52.25591206550598
    },
    "turbo_uni_2bit": {
      "ppl": 6.3708013380030595,
      "nll": 91016.0,
      "tokens": 49152,
      "elapsed": 112.74170470237732
    },
    "pre_pca_uni_2bit": {
      "ppl": 6.461391690527002,
      "nll": 91710.0,
      "tokens": 49152,
      "elapsed": 105.85921454429626
    },
    "pre_pca_lloyd_2bit": {
      "ppl": 32.68439629380657,
      "nll": 171388.0,
      "tokens": 49152,
      "elapsed": 149.1214621067047
    },
    "pre_pca_wf_uni_2bit": {
      "ppl": 6.390013161723761,
      "nll": 91164.0,
      "tokens": 49152,
      "elapsed": 116.24347639083862
    },
    "no_rot_uni_3bit": {
      "ppl": 5.70842617382124,
      "nll": 85620.0,
      "tokens": 49152,
      "elapsed": 51.75237274169922
    },
    "turbo_uni_3bit": {
      "ppl": 5.675076164728856,
      "nll": 85332.0,
      "tokens": 49152,
      "elapsed": 120.02538633346558
    },
    "pre_pca_uni_3bit": {
      "ppl": 5.675768965334078,
      "nll": 85338.0,
      "tokens": 49152,
      "elapsed": 111.14963388442993
    },
    "pre_pca_lloyd_3bit": {
      "ppl": 15.303915703051283,
      "nll": 134092.0,
      "tokens": 49152,
      "elapsed": 172.4627707004547
    },
    "pre_pca_wf_uni_3bit": {
      "ppl": 5.731701140312515,
      "nll": 85820.0,
      "tokens": 49152,
      "elapsed": 119.51752543449402
    },
    "no_rot_uni_4bit": {
      "ppl": 5.602116827634672,
      "nll": 84696.0,
      "tokens": 49152,
      "elapsed": 51.23045086860657
    },
    "turbo_uni_4bit": {
      "ppl": 5.59186843090831,
      "nll": 84606.0,
      "tokens": 49152,
      "elapsed": 118.5845673084259
    },
    "pre_pca_uni_4bit": {
      "ppl": 5.590503395291774,
      "nll": 84594.0,
      "tokens": 49152,
      "elapsed": 111.15227913856506
    },
    "pre_pca_lloyd_4bit": {
      "ppl": 9.084627132051661,
      "nll": 108458.0,
      "tokens": 49152,
      "elapsed": 178.01713156700134
    },
    "pre_pca_wf_uni_4bit": {
      "ppl": 5.598698610138928,
      "nll": 84666.0,
      "tokens": 49152,
      "elapsed": 107.563645362854
    }
  }
}