{
  "model": "Qwen/Qwen2.5-7B",
  "fp16_ppl": 6.027827830636871,
  "methods": {
    "no_rot_uni_2bit": {
      "ppl": 10.877742727456024,
      "nll": 19552.0,
      "tokens": 8192,
      "elapsed": 4.86279559135437
    },
    "turbo_uni_2bit": {
      "ppl": 10.181340076531574,
      "nll": 19010.0,
      "tokens": 8192,
      "elapsed": 13.064929962158203
    },
    "pre_pca_wf_uni_2bit": {
      "ppl": 21.941479933691213,
      "nll": 25300.0,
      "tokens": 8192,
      "elapsed": 11.386087894439697
    },
    "pre_pca_lloyd_2bit": {
      "ppl": 8.9434191269678,
      "nll": 17948.0,
      "tokens": 8192,
      "elapsed": 14.912088394165039
    },
    "no_rot_uni_3bit": {
      "ppl": 6.591244566422631,
      "nll": 15448.0,
      "tokens": 8192,
      "elapsed": 4.996793031692505
    },
    "turbo_uni_3bit": {
      "ppl": 6.5992954321212345,
      "nll": 15458.0,
      "tokens": 8192,
      "elapsed": 11.126565217971802
    },
    "pre_pca_wf_uni_3bit": {
      "ppl": 7.467035354995358,
      "nll": 16470.0,
      "tokens": 8192,
      "elapsed": 11.413263320922852
    },
    "pre_pca_lloyd_3bit": {
      "ppl": 7.10945637194565,
      "nll": 16068.0,
      "tokens": 8192,
      "elapsed": 15.256157398223877
    },
    "no_rot_uni_4bit": {
      "ppl": 6.158733118113164,
      "nll": 14892.0,
      "tokens": 8192,
      "elapsed": 4.9176411628723145
    },
    "turbo_uni_4bit": {
      "ppl": 6.13322494098391,
      "nll": 14858.0,
      "tokens": 8192,
      "elapsed": 12.438517093658447
    },
    "pre_pca_wf_uni_4bit": {
      "ppl": 6.267949193403935,
      "nll": 15036.0,
      "tokens": 8192,
      "elapsed": 12.854041814804077
    },
    "pre_pca_lloyd_4bit": {
      "ppl": 6.470073703341919,
      "nll": 15296.0,
      "tokens": 8192,
      "elapsed": 18.107012033462524
    }
  }
}