{
  "model": "Qwen/Qwen2.5-7B",
  "fp16_ppl": 6.555937278185374,
  "methods": {
    "no_rot_uni_2bit": {
      "ppl": 10.524638956091557,
      "nll": 115690.0,
      "tokens": 49152,
      "elapsed": 30.46664047241211
    },
    "turbo_uni_2bit": {
      "ppl": 9.331524857832928,
      "nll": 109776.0,
      "tokens": 49152,
      "elapsed": 74.03170704841614
    },
    "pre_pca_uni_2bit": {
      "ppl": 7.980377188574453,
      "nll": 102088.0,
      "tokens": 49152,
      "elapsed": 71.24946665763855
    },
    "pre_pca_lloyd_2bit": {
      "ppl": 8.343309506158366,
      "nll": 104274.0,
      "tokens": 49152,
      "elapsed": 93.11620426177979
    },
    "pre_pca_wf_uni_2bit": {
      "ppl": 11.374292831792447,
      "nll": 119506.0,
      "tokens": 49152,
      "elapsed": 74.16991019248962
    },
    "no_rot_uni_3bit": {
      "ppl": 6.876996257593557,
      "nll": 94774.0,
      "tokens": 49152,
      "elapsed": 29.62496328353882
    },
    "turbo_uni_3bit": {
      "ppl": 6.821258225028614,
      "nll": 94374.0,
      "tokens": 49152,
      "elapsed": 73.7524688243866
    },
    "pre_pca_uni_3bit": {
      "ppl": 6.756892878557927,
      "nll": 93908.0,
      "tokens": 49152,
      "elapsed": 62.78732705116272
    },
    "pre_pca_lloyd_3bit": {
      "ppl": 7.30475415744706,
      "nll": 97740.0,
      "tokens": 49152,
      "elapsed": 83.53214383125305
    },
    "pre_pca_wf_uni_3bit": {
      "ppl": 6.9901268114302075,
      "nll": 95576.0,
      "tokens": 49152,
      "elapsed": 65.70379900932312
    },
    "no_rot_uni_4bit": {
      "ppl": 6.625933124515694,
      "nll": 92946.0,
      "tokens": 49152,
      "elapsed": 29.489562511444092
    },
    "turbo_uni_4bit": {
      "ppl": 6.6140809015840425,
      "nll": 92858.0,
      "tokens": 49152,
      "elapsed": 78.43030762672424
    },
    "pre_pca_uni_4bit": {
      "ppl": 6.603055867366889,
      "nll": 92776.0,
      "tokens": 49152,
      "elapsed": 73.88853979110718
    },
    "pre_pca_lloyd_4bit": {
      "ppl": 6.909532764703953,
      "nll": 95006.0,
      "tokens": 49152,
      "elapsed": 105.04690885543823
    },
    "pre_pca_wf_uni_4bit": {
      "ppl": 6.660533219069846,
      "nll": 93202.0,
      "tokens": 49152,
      "elapsed": 67.22029614448547
    }
  }
}