{
  "fp16": 6.555137041716648,
  "identity_2": 10.373703438680616,
  "random_rot_2": 9.301576661371438,
  "pre_rope_pca_2": 7.958650418793645,
  "identity_3": 6.859668930324099,
  "random_rot_3": 6.835150237308659,
  "pre_rope_pca_3": 6.750297571245257,
  "identity_4": 6.6226985953514745,
  "random_rot_4": 6.610852158225387,
  "pre_rope_pca_4": 6.598489903232138
}