{
  "V15-1": {
    "experiment": "V15-1",
    "model": "meta-llama/Llama-3.1-8B",
    "2bit": {
      "shared_pca": 18.868615759264884,
      "perhead_pca": 10.137520986084242,
      "gain_pct": 46.273107071426224
    },
    "3bit": {
      "shared_pca": 6.810719182095173,
      "perhead_pca": 6.665955781026477,
      "gain_pct": 2.1255229763292527
    },
    "4bit": {
      "shared_pca": 6.481404135572495,
      "perhead_pca": 6.4545595229604915,
      "gain_pct": 0.4141789657069777
    }
  }
}