{
  "norot_uni": 10.524638956091557,
  "pca_uni": 7.980377188574453,
  "pca_wf2": 7.0984720544684965,
  "turbo_uni": 9.331524857832928,
  "turbo_wf2": 8.51825846185985,
  "gain_axis1": 1.3188147260958714
}