{
  "floor1": 11.255051581028784,
  "floor2": 7.0984720544684965,
  "floor3": 6.756892878557927,
  "floor4": 6.603055867366889,
  "uniform": 7.980377188574453
}