{
  "model": "mistralai/Mistral-Nemo-Base-2407",
  "stats": {
    "R_aniso": 4.172300815582275,
    "AM_GM_w": 1.0609048778383727,
    "G_PCA": 0.6200424432754517,
    "G_norot": 1.4862143993377686,
    "eta_head": 2.173726627230644,
    "had_ratio": 2.396955910770649
  },
  "deflate_ratios": {
    "2": {
      "No_rotation": 5.456095481670929,
      "PCA_uniform": 5.443380339190638,
      "PCA_LloydMax": 5.443380339190638
    },
    "3": {
      "No_rotation": 3.0546884695056176,
      "PCA_uniform": 3.060268155997169,
      "PCA_LloydMax": 3.060268155997169
    },
    "4": {
      "No_rotation": 2.1214813243347166,
      "PCA_uniform": 2.122438150825761,
      "PCA_LloydMax": 2.122438150825761
    }
  }
}