{
  "experiment": "1-1_gate_teff",
  "model": "Qwen/Qwen2.5-3B",
  "num_layers": 36,
  "num_heads": 16,
  "head_dim": 128,
  "num_kv_heads": 2,
  "num_samples": 64,
  "max_seq_len": 512,
  "spearman_rho": 0.10810810810810813,
  "spearman_p_value": 0.530265776817579,
  "gate_decision": "FAILURE",
  "gate_message": "Failure: \u03c1=0.1081, p=5.30e-01. Framework needs reassessment.",
  "layer_teff_mean": [
    0.813674796372652,
    0.9025670569390059,
    0.8148487443104386,
    0.31064688839251176,
    0.39346775237936527,
    0.29531777866031916,
    0.4047196709434502,
    0.388015387870837,
    0.42087177303619683,
    0.4623002391308546,
    0.40573766687884927,
    0.5658535393886268,
    0.5045524849556386,
    0.4329294172639493,
    0.5735244057141244,
    0.48223970062099397,
    0.565532736480236,
    0.3257178905478213,
    0.6117966254241765,
    0.3905347769614309,
    0.33584816992697597,
    0.4597632992081344,
    0.49018294969573617,
    0.5900983144529164,
    0.6480211699381471,
    0.30764285038458183,
    0.5915335352765396,
    0.48283812950830907,
    0.619246946182102,
    0.48431968918885104,
    0.42991561675444245,
    0.6099285478703678,
    0.40076819132082164,
    0.34764384618029,
    0.7479548677802086,
    0.7670996356755495
  ],
  "layer_teff_std": [
    0.07342600141801846,
    0.038706242847871955,
    0.08671345055569613,
    0.15188405996389104,
    0.22881211579265692,
    0.2926632227076988,
    0.22942646318156806,
    0.18390061795406826,
    0.1673607265231731,
    0.1323773521450963,
    0.22759761819322444,
    0.14086908328970527,
    0.17651345194683998,
    0.22339509311901912,
    0.123154290710232,
    0.24021608537845426,
    0.09951890674965548,
    0.21456180085851423,
    0.1349786167862924,
    0.2136912370164951,
    0.2570443102927166,
    0.13960332661247388,
    0.16804891359641183,
    0.1702580050594667,
    0.17001034403373036,
    0.22509023495829025,
    0.2141669788928947,
    0.20768468656980774,
    0.157345907306119,
    0.2053622867973527,
    0.2613582903845441,
    0.14845973168432933,
    0.09038228843880888,
    0.07905700949777321,
    0.06753810584553697,
    0.07399113117370901
  ],
  "layer_entropy_mean": [
    1.8836367167532444,
    2.084237691015005,
    1.8937416784465313,
    0.7520700480090454,
    0.9470917859580368,
    0.701703323533593,
    0.9603463939856738,
    0.9301941170124337,
    0.9959625224582851,
    1.1051328792236745,
    0.9541415908606723,
    1.3258409658446908,
    1.181530969683081,
    1.0275154119590297,
    1.3649328192695975,
    1.1265435391105711,
    1.3479783358052373,
    0.7570236776664387,
    1.4456774797290564,
    0.9177980707609095,
    0.7962186145377927,
    1.072264762595296,
    1.154939218889922,
    1.3981150798499584,
    1.522804050706327,
    0.7326628336450085,
    1.4041021950542927,
    1.1289708851836622,
    1.4510737210512161,
    1.1497568527702242,
    1.0129913003183901,
    1.4373212223872542,
    0.9414513064548373,
    0.8061305261217058,
    1.7183803729712963,
    1.7738179564476013
  ],
  "head_var_per_layer": [
    0.005391377684238849,
    0.0014981732353984388,
    0.007519222507275157,
    0.023068767671114848,
    0.05235498433351224,
    0.0856517619256561,
    0.05263650200800341,
    0.03381943728388817,
    0.028009612782364336,
    0.017523763360946833,
    0.05180067580722877,
    0.01984409862688192,
    0.031156998718189388,
    0.04990536762965522,
    0.015166979320340335,
    0.05770376767454882,
    0.009904012800646622,
    0.04603676638764871,
    0.018219226989540774,
    0.04566394477763988,
    0.0660717774538584,
    0.01948908880126906,
    0.028240437360934293,
    0.028987788286829384,
    0.028903517078467354,
    0.05066561387357831,
    0.045867494848109605,
    0.043132929035599274,
    0.024757734545985788,
    0.042173668838638136,
    0.0683081559527317,
    0.022040291931783054,
    0.008168958063436047,
    0.006250010750731004,
    0.004561395741202956,
    0.005474687492365012
  ],