{
  "experiment": "1-1b_gate_teff_gpt2",
  "model": "openai-community/gpt2-medium",
  "num_layers": 24,
  "num_heads": 16,
  "head_dim": 64,
  "gqa": false,
  "num_samples": 64,
  "spearman_rho": -0.657391304347826,
  "spearman_p_value": 0.00048204432271867274,
  "gate_decision": "WEAK_SUCCESS",
  "layer_teff_mean": [
    0.8605052186176181,
    0.7803883929736912,
    0.7772353645414114,
    0.6708224783651531,
    0.49775350582785904,
    0.4046922697889386,
    0.2701586540788412,
    0.3211074636783451,
    0.4276486693415791,
    0.2814344953367254,
    0.38924369830056094,
    0.3677505102241412,
    0.32896598185470793,
    0.3835219078755472,
    0.32162763667292893,
    0.38681822165381163,
    0.26888501388020813,
    0.31676845345646143,
    0.2749715275131166,
    0.2206211257725954,
    0.23343972815200686,
    0.2649900307878852,
    0.31707041757181287,
    0.5195444570854306
  ],
  "layer_teff_std": [
    0.08951797328986971,
    0.13585465319386766,
    0.10760460861277898,
    0.09034414128069915,
    0.17064008001660738,
    0.17402194538704452,
    0.16135679096928987,
    0.1684965888831116,
    0.14924685660138254,
    0.1685169603944436,
    0.17580382946517356,
    0.1786617237505119,
    0.17683291604615028,
    0.1655171516406513,
    0.1496930919492996,
    0.1526408139833557,
    0.144427531792102,
    0.17851905302041665,
    0.1737557468928352,
    0.09576580628290765,
    0.12211023659557718,
    0.13623950462513884,
    0.11092103088399695,
    0.13196683871704035
  ],
  "layer_entropy_mean": [
    1.8156926929950714,
    1.6955860601738095,
    1.6622334588319063,
    1.4368035942316055,
    1.0859845974773634,
    0.8784513360733399,
    0.5905809485120699,
    0.6948221132624894,
    0.9345772326923907,
    0.6157715203007683,
    0.8513773510348983,
    0.7956423129653558,
    0.7220596021506935,
    0.8352819179417565,
    0.696511416346766,
    0.8342331747990102,
    0.574649230344221,
    0.6786463543539867,
    0.5850896914489567,
    0.4694885187782347,
    0.5025172149762511,
    0.561673145275563,
    0.6867518541403115,
    1.1223776158876717
  ],
  "head_var_per_layer": [
    0.008013467541925827,
    0.01845648679442606,
    0.011578751794709349,
    0.008162063863746929,
    0.02911803690807417,
    0.0302836374762915,
    0.02603601399190711,
    0.028391100465244325,
    0.02227462420539364,
    0.028397965940582477,
    0.030906986454619825,
    0.031920011533504225,
    0.03126988019738484,
    0.02739592748723436,
    0.02240802177734147,
    0.023299218093501398,
    0.020859311939558634,
    0.031869052291306335,
    0.030191059578287015,
    0.009171089653015394,
    0.014910909881427837,
    0.018561202620503228,
    0.012303475092368604,
    0.01741524652096934
  ],
  "layer_head_teff": [
    [
      0.896753266453743,
      0.9421718269586563,
      0.5634626597166061,
      0.7804317474365234,
      0.9037259668111801,
      0.8410883992910385,
      0.7828205078840256,
      0.8701576739549637,
      0.9295314997434616,
      0.8910066038370132,
      0.8428036868572235,
      0.930536076426506,
      0.8993358314037323,
      0.9038235396146774,
      0.8793079704046249,
      0.9111262410879135
    ],
    [
      0.8145266771316528,
      0.7461479604244232,
      0.7764177471399307,
      0.8277675658464432,
      0.6088637262582779,
      0.8610506653785706,
      0.9583845883607864,
      0.8440534025430679,
      0.6634483188390732,
      0.8553642332553864,
      0.3720692917704582,
      0.7828193753957748,
      0.7762480825185776,
      0.7919139862060547,
      0.8680827915668488,
      0.9390558749437332
    ],
    [
      0.7404098212718964,
      0.8009919375181198,
      0.8714054673910141,
      0.6723655760288239,
      0.5770457834005356,
      0.8026534020900726,
      0.802685871720314,
      0.6174353808164597,
      0.6258499622344971,
      0.8906952738761902,
      0.7320045828819275,
      0.9507775902748108,
      0.7749611586332321,
      0.8451887667179108,
      0.9302944839000702,
      0.8010007739067078
    ],
    [
      0.598906934261322,
      0.6661670804023743,
      0.6574302166700363,
      0.5124373212456703,
      0.8379374146461487,
      0.6373081803321838,
      0.897750049829483,
      0.6108028590679169,
      0.6682835221290588,
      0.6512040346860886,
      0.7285101264715195,
      0.6864824742078781,
      0.6413644254207611,
      0.5675924867391586,
      0.6797370910644531,
      0.691245436668396
    ],
    [
      0.4901115372776985,
      0.702488049864769,
      0.5450785756111145,
      0.4239937514066696,
      0.5934329032897949,
      0.5590760260820389,
      0.18583842366933823,
      0.5334709882736206,
      0.4901999905705452,
      0.4143887013196945,
      0.5908892601728439,
      0.6723374575376511,
      0.6330880373716354,
      0.014883842319250107,
      0.5572024136781693,
      0.557576134800911
    ],
    [
      0.21140412986278534,
      0.43579676002264023,
      0.5143890380859375,
      0.4998300224542618,
      0.40348441153764725,
      0.40205900371074677,
      0.3841968923807144,
      0.556381031870842,
      0.1614973470568657,
      0.6429369151592255,
      0.26919057965278625,
      0.007146141258999705,
      0.4177300035953522,
      0.5836303532123566,
      0.3170604556798935,
      0.6683432310819626
    ],
    [
      0.1059168167412281,
      0.02489711157977581,
      0.19316058978438377,
      0.4108777269721031,
      0.11697044223546982,
      0.58643639087677,
      0.5030652955174446,
      0.15201485902071,
      0.436116486787796,
      0.22699318826198578,
      0.39587637037038803,
      0.20689621940255165,
      0.2416490577161312,
      0.08625938557088375,
      0.4264473468065262,
      0.20896117761731148
    ],
    [
      0.12098512053489685,
      0.4705664590001106,
      0.06218918226659298,
      0.33181082457304,
      0.33064431697130203,
      0.21784217655658722,
      0.648986279964447,
      0.2251179851591587,
      0.2447257936000824,
      0.5531644970178604,
      0.28456564992666245,
      0.16760291531682014,
      0.48673444986343384,
      0.41340457648038864,
      0.48299694061279297,
      0.09638225100934505
    ],
    [
      0.32681386917829514,
      0.5406091511249542,
      0.45010004937648773,
      0.5587245672941208,
      0.23991180211305618,
      0.39078638702630997,
      0.5545142292976379,
      0.6381737738847733,
      0.32133087515830994,
      0.3890613168478012,
      0.19704698771238327,
      0.3906233012676239,
      0.6151165217161179,
      0.15076103433966637,
      0.6249372810125351,
      0.4538675621151924
    ],
    [
      0.4438169077038765,
      0.4249788671731949,
      0.4169665575027466,
      0.12111085467040539,
      0.05099307559430599,
      0.4266853779554367,
      0.20861055329442024,
      0.17382466048002243,
      0.2696857824921608,
      0.01382825500331819,
      0.3462775647640228,
      0.5067413821816444,
      0.09012305177748203,
      0.1302448771893978,
      0.3052366375923157,
      0.5738275200128555
    ],
    [
      0.48526570200920105,
      0.04059901554137468,
      0.34036824107170105,
      0.20159178972244263,
      0.48778361827135086,
      0.47237784415483475,
      0.4490766227245331,
      0.3338763639330864,
      0.021119703073054552,
      0.3042486757040024,
      0.33933185040950775,
      0.6225459277629852,
      0.649394080042839,
      0.4500163197517395,
      0.5070359259843826,
      0.5232674926519394
    ],
    [
      0.3517393618822098,
      0.04284271225333214,
      0.4043828397989273,
      0.1747337430715561,
      0.236142810434103,
      0.24354411661624908,
      0.6132249385118484,
      0.7028512060642242,
      0.41000450402498245,
      0.4076319932937622,
      0.3262612819671631,
      0.11157119460403919,
      0.4249472916126251,
      0.6546760648488998,
      0.43282317370176315,
      0.34663093090057373
    ],
    [
