{
  "experiment": "1-3_ffn_frequency_selectivity",
  "model": "openai-community/gpt2-medium",
  "num_layers": 24,
  "num_heads": 16,
  "head_dim": 64,
  "num_samples": 48,
  "entropy_with_ffn": [
    3.345406452814738,
    3.373466968536377,
    3.3543270031611123,
    3.333296775817871,
    3.366583466529846,
    3.3763112227121987,
    3.3940648635228476,
    3.3976137240727744,
    3.3851536909739175,
    3.385853886604309,
    3.388520359992981,
    3.3713274796803794,
    3.3834650119145713,
    3.3608209689458213,
    3.3798429568608603,
    3.370283842086792,
    3.3664618333180747,
    3.3701905806859336,
    3.3833018938700357,
    3.3926990032196045,
    3.384008208910624,
    3.3862534761428833,
    3.3926190932591758,
    3.3897046645482383
  ],
  "entropy_without_ffn": [
    3.345406452814738,
    3.324447433153788,
    3.279524842898051,
    3.3031176726023355,
    3.2992868026097617,
    3.3059383630752563,
    3.298540155092875,
    3.2851566076278687,
    3.273308277130127,
    3.246053457260132,
    3.26623797416687,
    3.2466681400934854,
    3.2171825965245566,
    3.229913115501404,
    3.232998172442118,
    3.2188680171966553,
    3.221770683924357,
    3.2315200169881186,
    3.2178521156311035,
    3.2221062183380127,
    3.2114802996317544,
    3.2042431433995566,
    3.2032500505447388,
    3.2239109675089517
  ],
  "entropy_diff": [
    0.0,
    -0.04901953538258885,
    -0.07480216026306152,
    -0.03017910321553563,
    -0.06729666392008449,
    -0.0703728596369424,
    -0.09552470842997263,
    -0.11245711644490575,
    -0.11184541384379054,
    -0.13980042934417725,
    -0.12228238582611084,
    -0.12465933958689401,
    -0.16628241539001465,
    -0.13090785344441747,
    -0.14684478441874216,
    -0.15141582489013672,
    -0.14469114939371774,
    -0.13867056369781494,
    -0.16544977823893214,
    -0.1705927848815918,
    -0.17252790927886963,
    -0.18201033274332667,
    -0.189369042714437,
    -0.1657936970392866
  ],
  "mean_diff": -0.12178316050105631,
  "paired_t_stat": -11.787576587371348,
  "paired_p_value": 3.154048843675777e-11,
  "wilcoxon_stat": 0.0,
  "wilcoxon_p_value": 2.7015948487105512e-05,
  "n_ffn_reduces_entropy": 0,
  "ffn_enhances_selectivity": false
}