{
  "experiment": "2-3_query_dependent_vs_static_bit_allocation",
  "model": "openai-community/gpt2-medium",
  "device": "cuda:0",
  "num_layers": 24,
  "n_embd": 1024,
  "num_samples": 60,
  "max_seq_len": 256,
  "analysis_type": "per_dimension_importance",
  "overall": {
    "static_vs_qdep_rank_corr_mean": 0.6975524445788902,
    "static_vs_qdep_rank_corr_std": 0.17365250542832641,
    "alloc_l1_distance_mean": 1.1700999421377978,
    "alloc_l1_distance_std": 0.12606394467248616,
    "query_vs_query_rank_corr_mean": 0.7459623277231191,
    "query_vs_query_rank_corr_std": 0.08171907146989676,
    "query_vs_query_l1_mean": 0.4935227838738467,
    "query_vs_query_l1_std": 0.21849473434872496
  },
  "statistical_tests": {
    "rho_lt_1": {
      "t_stat": -107.91407216160475,
      "p_value": 0.0,
      "n": 3840
    },
    "l1_gt_0": {
      "t_stat": 575.0970255537118,
      "p_value": 0.0,
      "n": 3840
    },
    "qq_rho_lt_1": {
      "t_stat": -360.37792331535775,
      "p_value": 0.0,
      "n": 13440
    },
    "qq_l1_gt_0": {
      "t_stat": 261.84826999730444,
      "p_value": 0.0,
      "n": 13440
    }
  },
  "query_dependent_allocation_differs": true,
  "allocation_varies_across_queries": true,
  "per_layer": {
    "0": {
      "static_vs_qdep_rank_corr_mean": 0.23899333411960938,
      "static_vs_qdep_rank_corr_std": 0.046782808154900934,
      "alloc_l1_distance_mean": 1.3401783041656017,
      "alloc_l1_distance_std": 0.03799502398634177,
      "query_vs_query_rank_corr_mean": 0.577228472018146,
      "query_vs_query_rank_corr_std": 0.1436905085176915,
      "query_vs_query_l1_mean": 0.9773146895425661,
      "query_vs_query_l1_std": 0.22719118000987254,
      "n_static_vs_qdep": 160,
      "n_query_vs_query": 560
    },
    "1": {
      "static_vs_qdep_rank_corr_mean": 0.43593993443518764,
      "static_vs_qdep_rank_corr_std": 0.02306234852563637,
      "alloc_l1_distance_mean": 1.3252781726419927,
      "alloc_l1_distance_std": 0.0227022218577107,
      "query_vs_query_rank_corr_mean": 0.8389330058078704,
      "query_vs_query_rank_corr_std": 0.03319682569777299,
      "query_vs_query_l1_mean": 0.3928739430915032,
      "query_vs_query_l1_std": 0.09043546610384587,
      "n_static_vs_qdep": 160,
      "n_query_vs_query": 560
    },
    "2": {
      "static_vs_qdep_rank_corr_mean": 0.44501966196644477,
      "static_vs_qdep_rank_corr_std": 0.023102523796908393,
      "alloc_l1_distance_mean": 1.3911374606192113,
      "alloc_l1_distance_std": 0.027034588582011614,
      "query_vs_query_rank_corr_mean": 0.597792433535453,
      "query_vs_query_rank_corr_std": 0.08552299231191733,
      "query_vs_query_l1_mean": 0.8914333651640586,
      "query_vs_query_l1_std": 0.18815643525590212,
      "n_static_vs_qdep": 160,
      "n_query_vs_query": 560
    },
    "3": {
      "static_vs_qdep_rank_corr_mean": 0.20817963975228881,
      "static_vs_qdep_rank_corr_std": 0.02997922934445971,
      "alloc_l1_distance_mean": 1.515595456212759,
      "alloc_l1_distance_std": 0.03917643613122559,
      "query_vs_query_rank_corr_mean": 0.6337345649700294,
      "query_vs_query_rank_corr_std": 0.08084093949025405,
      "query_vs_query_l1_mean": 0.6746167109480926,
      "query_vs_query_l1_std": 0.123524055121267,
      "n_static_vs_qdep": 160,
      "n_query_vs_query": 560
    },
    "4": {
      "static_vs_qdep_rank_corr_mean": 0.7356667823730976,
      "static_vs_qdep_rank_corr_std": 0.08162003057285269,
      "alloc_l1_distance_mean": 1.1349888168275357,
      "alloc_l1_distance_std": 0.07829029269416478,
      "query_vs_query_rank_corr_mean": 0.7704265077001472,
      "query_vs_query_rank_corr_std": 0.08136671809780258,
      "query_vs_query_l1_mean": 0.6368363865784237,
      "query_vs_query_l1_std": 0.20774606392187456,
      "n_static_vs_qdep": 160,
      "n_query_vs_query": 560
    },
    "5": {
      "static_vs_qdep_rank_corr_mean": 0.7733154278714192,
      "static_vs_qdep_rank_corr_std": 0.011873687480045955,
      "alloc_l1_distance_mean": 1.0660651728510857,
      "alloc_l1_distance_std": 0.04328810396590716,
      "query_vs_query_rank_corr_mean": 0.8034318698702704,
      "query_vs_query_rank_corr_std": 0.026440693112632314,
      "query_vs_query_l1_mean": 0.6082060335204005,
      "query_vs_query_l1_std": 0.09969127636169273,
      "n_static_vs_qdep": 160,
      "n_query_vs_query": 560
    },
    "6": {
      "static_vs_qdep_rank_corr_mean": 0.7951890194309464,
      "static_vs_qdep_rank_corr_std": 0.013356261121586294,
      "alloc_l1_distance_mean": 1.0805269464850427,
      "alloc_l1_distance_std": 0.042197743380690725,
      "query_vs_query_rank_corr_mean": 0.7562876493297345,
      "query_vs_query_rank_corr_std": 0.027184093179037323,
      "query_vs_query_l1_mean": 0.4760377368224519,
      "query_vs_query_l1_std": 0.07180575051834483,
      "n_static_vs_qdep": 160,
      "n_query_vs_query": 560
    },
    "7": {
      "static_vs_qdep_rank_corr_mean": 0.7764069804641046,
      "static_vs_qdep_rank_corr_std": 0.012742558588890673,
      "alloc_l1_distance_mean": 1.0599452804774046,
      "alloc_l1_distance_std": 0.028769028097895267,
      "query_vs_query_rank_corr_mean": 0.746595471051714,
      "query_vs_query_rank_corr_std": 0.030255724101499883,
      "query_vs_query_l1_mean": 0.3722112152459366,
      "query_vs_query_l1_std": 0.07062219176882034,
      "n_static_vs_qdep": 160,
      "n_query_vs_query": 560
    },
    "8": {
      "static_vs_qdep_rank_corr_mean": 0.7682206925079124,
      "static_vs_qdep_rank_corr_std": 0.011652498315066852,
      "alloc_l1_distance_mean": 1.1165064223110677,
      "alloc_l1_distance_std": 0.019671982236398013,
      "query_vs_query_rank_corr_mean": 0.7710242201709334,
      "query_vs_query_rank_corr_std": 0.030108542374938888,
      "query_vs_query_l1_mean": 0.421158029032605,
      "query_vs_query_l1_std": 0.05735707129039891,
      "n_static_vs_qdep": 160,
      "n_query_vs_query": 560
    },
    "9": {
      "static_vs_qdep_rank_corr_mean": 0.7675544877311171,
      "static_vs_qdep_rank_corr_std": 0.013629410612863595,
      "alloc_l1_distance_mean": 1.1657846249639987,
      "alloc_l1_distance_std": 0.024494014668660254,
      "query_vs_query_rank_corr_mean": 0.7437283744496676,
      "query_vs_query_rank_corr_std": 0.028085755323302465,
      "query_vs_query_l1_mean": 0.3079049755952188,
      "query_vs_query_l1_std": 0.050108087739680916,
      "n_static_vs_qdep": 160,
      "n_query_vs_query": 560
    },
    "10": {
      "static_vs_qdep_rank_corr_mean": 0.7420221494098016,
      "static_vs_qdep_rank_corr_std": 0.0150885436168855,
      "alloc_l1_distance_mean": 1.1206823147833347,
      "alloc_l1_distance_std": 0.032369117732535285,
      "query_vs_query_rank_corr_mean": 0.7248568946527877,
      "query_vs_query_rank_corr_std": 0.031033874190435667,
      "query_vs_query_l1_mean": 0.6153959568589926,
      "query_vs_query_l1_std": 0.07561419376145392,
      "n_static_vs_qdep": 160,
      "n_query_vs_query": 560
    },
    "11": {
      "static_vs_qdep_rank_corr_mean": 0.77314680935296,
      "static_vs_qdep_rank_corr_std": 0.013646172004252725,
      "alloc_l1_distance_mean": 1.0379438273608685,
      "alloc_l1_distance_std": 0.03288719374087496,
      "query_vs_query_rank_corr_mean": 0.7537234494382362,
      "query_vs_query_rank_corr_std": 0.031823066919556615,
      "query_vs_query_l1_mean": 0.5571954345064504,
      "query_vs_query_l1_std": 0.06686447291253354,
      "n_static_vs_qdep": 160,
      "n_query_vs_query": 560
    },
    "12": {
      "static_vs_qdep_rank_corr_mean": 0.7854142408388313,
      "static_vs_qdep_rank_corr_std": 0.013367167672390339,
      "alloc_l1_distance_mean": 1.0559893369674682,
      "alloc_l1_distance_std": 0.032757622280796754,
      "query_vs_query_rank_corr_mean": 0.7466004448273964,
      "query_vs_query_rank_corr_std": 0.028286029584495907,
      "query_vs_query_l1_mean": 0.5893856858568532,
      "query_vs_query_l1_std": 0.07552967977133297,