{
  "experiment": "3-3_ssm_initialization",
  "model": "openai-community/gpt2-medium",
  "target_layer": 12,
  "state_dim": 64,
  "train_steps": 300,
  "methods": {
    "hippo": {
      "final_nmse": 0.6206443165425128,
      "final_loss": 0.6745514273643494,
      "best_loss": 0.5272165536880493,
      "loss_curve": [
        1.0266802310943604,
        0.9933757781982422,
        0.9114606380462646,
        0.9601219296455383,
        0.9584788084030151,
        0.8987720012664795,
        0.9701980352401733,
        0.8558059334754944,
        0.8298692107200623,
        0.7976081371307373,
        0.81397545337677,
        0.7441185712814331,
        0.8065935373306274,
        0.7269023060798645,
        0.731533408164978,
        0.7681121826171875,
        0.6418788433074951,
        0.6904257535934448,
        0.6637991666793823,
        0.679214358329773,
        0.6652275323867798,
        0.6606706380844116,
        0.73466557264328,
        0.7238292098045349,
        0.5934609770774841,
        0.7010599970817566,
        0.6974753737449646,
        0.6097878217697144,
        0.6142210960388184,
        0.6486234068870544
      ],
      "converged": false
    },
    "random": {
      "final_nmse": 0.5004372845502143,
      "final_loss": 0.49211540818214417,
      "best_loss": 0.42803531885147095,
      "loss_curve": [
        0.9204177856445312,
        0.8003144264221191,
        0.5904911160469055,
        0.6142535209655762,
        0.6513383984565735,
        0.5372999310493469,
        0.5192409753799438,
        0.6351267695426941,
        0.5364803075790405,
        0.5141544938087463,
        0.5415303707122803,
        0.5956526398658752,
        0.5621756315231323,
        0.5735962390899658,
        0.5559048652648926,
        0.5447802543640137,
        0.5473543405532837,
        0.5049521327018738,
        0.5415099859237671,
        0.5200250148773193,
        0.48369354009628296,
        0.5372575521469116,
        0.566354513168335,
        0.5170407295227051,
        0.5369142293930054,
        0.56341952085495,
        0.5060238838195801,
        0.48552048206329346,
        0.5113456845283508,
        0.5937844514846802
      ],
      "converged": false
    },
    "rope": {
      "final_nmse": 0.47475718525770405,
      "final_loss": 0.4846150279045105,
      "best_loss": 0.40985918045043945,
      "loss_curve": [
        0.9443402290344238,
        0.7505426406860352,
        0.6574092507362366,
        0.5856285691261292,
        0.5660131573677063,
        0.5777506232261658,
        0.5589926242828369,
        0.4839712381362915,
        0.5857735872268677,
        0.5321990251541138,
        0.5960630178451538,
        0.46559515595436096,
        0.5167624950408936,
        0.5593545436859131,
        0.5349798798561096,
        0.5571531057357788,
        0.5413458943367004,
        0.5481384992599487,
        0.5314049124717712,
        0.542999267578125,
        0.5228776931762695,
        0.5022158622741699,
        0.5114057660102844,
        0.49852585792541504,
        0.4853781759738922,
        0.5611906051635742,
        0.5218328237533569,
        0.5100540518760681,
        0.4942859411239624,
        0.47020837664604187
      ],
      "converged": false
    },
    "yarn": {
      "final_nmse": 0.5128274829652473,
      "final_loss": 0.5311752557754517,
      "best_loss": 0.43750470876693726,
      "loss_curve": [
        1.1406296491622925,
        0.8000059723854065,
        0.6460083723068237,
        0.586780846118927,
        0.6813428401947021,
        0.5858182311058044,
        0.6022828817367554,
        0.6048916578292847,
        0.5708026885986328,
        0.594416618347168,
        0.5175764560699463,
        0.4533807635307312,
        0.4973907470703125,
        0.5574280619621277,
        0.48927468061447144,
        0.49004697799682617,
        0.5330455303192139,
        0.5166140794754028,
        0.5140623450279236,
        0.5189751386642456,
        0.46737486124038696,
        0.5779465436935425,
        0.537539005279541,
        0.5212578773498535,
        0.5181335806846619,
        0.5127006769180298,
        0.5735989809036255,
        0.5129112601280212,
        0.4993947148323059,
        0.5090996026992798
      ],
      "converged": true
    },
    "spectral": {
      "final_nmse": 0.4957619550294167,
      "final_loss": 0.5426993370056152,
      "best_loss": 0.4339638352394104,
      "loss_curve": [
        0.9459389448165894,
        0.7186546325683594,
        0.6705795526504517,
        0.6298748850822449,
        0.5818936824798584,
        0.6097807288169861,
        0.6441562175750732,
        0.5513101816177368,
        0.5031077861785889,
        0.6146285533905029,
        0.5635321736335754,
        0.4915735125541687,
        0.5258537530899048,
        0.5489130020141602,
        0.5756467580795288,
        0.46796754002571106,
        0.4967361092567444,
        0.5282917618751526,
        0.540154755115509,
        0.5942522287368774,
        0.571696400642395,
        0.5716724395751953,
        0.5030039548873901,
        0.5455753803253174,
        0.520295262336731,
        0.5374135375022888,
        0.4874379634857178,
        0.5641198754310608,
        0.5271082520484924,
        0.4339638352394104
      ],
      "converged": false
    }
  },
  "ranking": [
    {
      "rank": 1,
      "method": "rope",
      "nmse": 0.47475718525770405
    },
    {
      "rank": 2,
      "method": "spectral",
      "nmse": 0.4957619550294167
    },
    {
      "rank": 3,
      "method": "random",
      "nmse": 0.5004372845502143
    },
    {
      "rank": 4,
      "method": "yarn",
      "nmse": 0.5128274829652473
    },
    {
      "rank": 5,
      "method": "hippo",
      "nmse": 0.6206443165425128
    }
  ],
  "best_method": "rope",
  "spectral_is_best": false,
  "runtime_seconds": 62.14187788963318
}